City ID,City,Country,Date,Lat,Lng,Max Temp,Humidity,Cloudiness,Wind Speed
0,Buraydah,SA,2021-05-27 02:23:31,26.326,43.975,77.45,15,1,7.05
1,Zhangjiakou,CN,2021-05-27 02:27:31,40.81,114.8794,66.49,28,99,11.16
2,Rikitea,PF,2021-05-27 02:24:02,-23.1203,-134.9692,74.7,70,91,17.31
3,San Quintin,MX,2021-05-27 02:28:08,30.4833,-115.95,61.93,81,100,12.46
4,Hilo,US,2021-05-27 02:28:09,19.7297,-155.09,81.28,78,90,13.8
5,Nabire,ID,2021-05-27 02:28:09,-3.3667,135.4833,85.82,68,46,3.06
6,Hovd,MN,2021-05-27 02:28:09,48.0056,91.6419,66.58,33,0,3.94
7,Cape Town,ZA,2021-05-27 02:24:42,-33.9258,18.4232,56.12,89,0,5.39
8,Vaini,TO,2021-05-27 02:28:10,-21.2,-175.2,78.96,73,20,11.5
9,Nanortalik,GL,2021-05-27 02:28:10,60.1432,-45.2371,36.88,92,99,9.22
10,Seoul,KR,2021-05-27 02:27:05,37.5683,126.9778,62.11,88,90,9.82
11,Butaritari,KI,2021-05-27 02:28:11,3.0707,172.7902,83.66,79,85,19.24
12,Nantucket,US,2021-05-27 02:27:46,41.2835,-70.0995,66.07,95,90,14.97
13,Hobart,AU,2021-05-27 02:28:11,-42.8794,147.3294,52.05,57,40,4.0
14,Tuktoyaktuk,CA,2021-05-27 02:28:11,69.4541,-133.0374,28.4,86,90,9.22
15,Chuy,UY,2021-05-27 02:28:12,-33.6971,-53.4616,53.6,82,16,10.6
16,Fortuna,US,2021-05-27 02:28:12,40.5982,-124.1573,67.19,71,1,4.0
17,Mastic Beach,US,2021-05-27 02:28:12,40.7668,-72.8521,71.49,89,75,1.01
18,Baherden,TM,2021-05-27 02:28:13,38.4362,57.4316,75.43,56,100,6.62
19,Broome,US,2021-05-27 02:28:13,42.2506,-75.833,68.38,96,90,1.99
20,Faya,SA,2021-05-27 02:28:14,18.3851,42.4509,64.92,37,1,2.04
21,Labuhan,ID,2021-05-27 02:28:14,-6.8844,112.2051,86.11,65,49,15.35
22,Nikolskoye,RU,2021-05-27 02:28:15,59.7035,30.7861,46.29,98,91,4.7
23,Ornskoldsvik,SE,2021-05-27 02:28:15,63.2909,18.7153,46.22,65,50,14.16
24,Tibacuy,CO,2021-05-27 02:28:15,4.3511,-72.4564,74.12,96,89,5.39
25,Bereda,ES,2021-05-27 02:28:13,43.2686,-7.5406,49.57,100,37,2.13
26,Kristiinankaupunki,FI,2021-05-27 02:28:16,62.2743,21.376,40.14,97,100,17.94
27,Arraial Do Cabo,BR,2021-05-27 02:28:16,-22.9661,-42.0278,72.01,82,100,10.76
28,Lebu,CL,2021-05-27 02:28:16,-37.6167,-73.65,57.31,95,100,6.51
29,Bonavista,CA,2021-05-27 02:28:17,48.6499,-53.1147,46.4,97,100,17.2
30,Dikson,RU,2021-05-27 02:28:17,73.5069,80.5464,29.77,95,100,12.39
31,Mabaruma,GY,2021-05-27 02:28:17,8.2,-59.7833,74.25,99,100,4.92
32,Sfantu Gheorghe,RO,2021-05-27 02:26:05,45.8667,25.7833,57.27,85,99,3.2
33,Tuatapere,NZ,2021-05-27 02:28:18,-46.1333,167.6833,49.82,72,100,8.1
34,Fort Nelson,CA,2021-05-27 02:28:18,58.8053,-122.7002,53.19,58,90,10.36
35,Barrow,US,2021-05-27 02:28:19,71.2906,-156.7887,35.62,69,90,13.8
36,Castro,BR,2021-05-27 02:28:19,-24.7911,-50.0119,57.85,61,100,3.56
37,Port Lincoln,AU,2021-05-27 02:28:19,-34.7333,135.8667,60.98,63,99,6.85
38,Eidfjord,NO,2021-05-27 02:23:22,60.4675,7.0719,48.43,77,91,3.89
39,Port Elizabeth,ZA,2021-05-27 02:28:20,-33.918,25.5701,53.89,87,0,5.75
40,Coquimbo,CL,2021-05-27 02:28:20,-29.9533,-71.3436,49.73,93,0,2.82
41,Puerto El Triunfo,SV,2021-05-27 02:28:21,13.2833,-88.55,80.76,77,100,2.59
42,Albany,US,2021-05-27 02:28:21,42.6001,-73.9662,69.03,88,88,3.0
43,Jamestown,US,2021-05-27 02:27:03,42.097,-79.2353,63.72,83,75,3.0
44,Kuusamo,FI,2021-05-27 02:28:22,65.9667,29.1833,33.84,60,0,6.91
45,Shingu,JP,2021-05-27 02:28:22,33.7333,135.9833,68.99,98,100,10.04
46,Kruisfontein,ZA,2021-05-27 02:28:22,-34.0033,24.7314,53.6,79,100,5.37
47,Ormstown,CA,2021-05-27 02:28:23,45.1334,-73.9992,73.49,92,62,15.43
48,Saint George,US,2021-05-27 02:28:23,37.1041,-113.5841,87.64,9,1,1.01
49,New Norfolk,AU,2021-05-27 02:28:24,-42.7826,147.0587,51.71,54,60,8.99
50,Luwuk,ID,2021-05-27 02:28:24,-0.9516,122.7875,85.89,69,8,6.98
51,Batemans Bay,AU,2021-05-27 02:28:24,-35.7167,150.1833,64.2,35,0,2.19
52,Mocuba,MZ,2021-05-27 02:28:25,-16.8392,36.9856,55.42,92,0,2.75
53,Soldotna,US,2021-05-27 02:28:08,60.4878,-151.0583,63.95,49,1,17.27
54,Kapaa,US,2021-05-27 02:28:25,22.0752,-159.319,82.11,71,40,1.99
55,Pacific Grove,US,2021-05-27 02:24:06,36.6177,-121.9166,73.06,85,90,1.99
56,Punta Arenas,CL,2021-05-27 02:23:57,-53.15,-70.9167,32.11,74,20,11.77
57,Mataura,NZ,2021-05-27 02:28:26,-46.1927,168.8643,49.48,65,100,2.48
58,Langarud,IR,2021-05-27 02:28:26,37.197,50.1535,66.25,94,74,1.19
59,Bredasdorp,ZA,2021-05-27 02:28:26,-34.5322,20.0403,51.28,93,100,4.09
60,Kashan,IR,2021-05-27 02:28:27,33.9831,51.4364,70.07,46,0,5.44
61,Ushuaia,AR,2021-05-27 02:28:27,-54.8,-68.3,29.86,86,75,18.41
62,Vao,NC,2021-05-27 02:28:27,-22.6667,167.4833,71.76,72,5,10.13
63,Atuona,PF,2021-05-27 02:28:28,-9.8,-139.0333,79.63,75,76,13.78
64,Port Alfred,ZA,2021-05-27 02:28:29,-33.5906,26.891,61.16,86,76,7.99
65,Isangel,VU,2021-05-27 02:28:23,-19.55,169.2667,77.11,73,40,5.08
66,Koslan,RU,2021-05-27 02:28:29,63.4564,48.8989,36.55,56,59,2.95
67,Bluff,NZ,2021-05-27 02:28:29,-46.6,168.3333,49.8,69,100,13.44
68,Georgetown,MY,2021-05-27 02:25:33,5.4112,100.3354,78.75,95,40,3.44
69,Nouakchott,MR,2021-05-27 02:25:01,18.0858,-15.9785,69.73,80,2,17.22
70,Sai Buri,TH,2021-05-27 02:28:30,6.7013,101.6168,85.82,75,100,6.06
71,Santa Rosalia,MX,2021-05-27 02:28:30,27.3167,-112.2833,82.18,29,100,7.56
72,Evensk,RU,2021-05-27 02:28:31,61.95,159.2333,40.19,96,100,15.93
73,Novyy Urgal,RU,2021-05-27 02:28:31,51.0736,132.5642,58.03,53,100,1.25
74,Opuwo,NA,2021-05-27 02:28:32,-18.0607,13.84,58.33,40,0,7.47
75,Luderitz,NA,2021-05-27 02:28:32,-26.6481,15.1594,61.77,69,56,5.75
76,Emerald,AU,2021-05-27 02:28:32,-23.5333,148.1667,77.14,36,0,14.97
77,Pisco,PE,2021-05-27 02:24:03,-13.7,-76.2167,65.01,94,75,5.75
78,Bosaso,SO,2021-05-27 02:28:33,11.2842,49.1816,87.91,47,76,13.4
79,Morondava,MG,2021-05-27 02:28:33,-20.2833,44.2833,66.33,89,2,7.7
80,Humaita,BR,2021-05-27 02:28:33,-7.5061,-63.0208,80.1,64,99,2.84
81,Jega,NG,2021-05-27 02:28:34,12.2175,4.3792,91.22,31,7,10.0
82,Cairns,AU,2021-05-27 02:28:34,-16.9167,145.7667,82.11,60,90,12.66
83,Mwinilunga,ZM,2021-05-27 02:28:35,-11.7358,24.4293,49.08,70,0,3.38
84,Mikuni,JP,2021-05-27 02:28:35,36.2171,136.1519,57.11,94,100,7.7
85,Ribeira Grande,PT,2021-05-27 02:28:35,38.5167,-28.7,59.54,68,92,13.62
86,Daru,PG,2021-05-27 02:28:36,-9.0763,143.2092,80.98,73,99,13.47
87,Faanui,PF,2021-05-27 02:27:52,-16.4833,-151.75,81.64,69,18,11.52
88,Avera,US,2021-05-27 02:28:36,33.194,-82.5271,81.72,47,87,8.5
89,Srednekolymsk,RU,2021-05-27 02:28:37,67.45,153.6833,63.73,33,94,15.43
90,Katsuura,JP,2021-05-27 02:28:37,35.1333,140.3,62.15,94,100,10.71
91,Roanoke Rapids,US,2021-05-27 02:26:05,36.4615,-77.6542,80.55,88,1,2.77
92,Trairi,BR,2021-05-27 02:25:47,-3.2778,-39.2689,78.55,84,54,9.48
93,Ponta Delgada,PT,2021-05-27 02:28:37,37.7333,-25.6667,59.72,82,40,11.5
94,Chokurdakh,RU,2021-05-27 02:28:38,70.6333,147.9167,44.6,69,29,10.25
95,Horta,PT,2021-05-27 02:28:38,38.5333,-28.6333,58.64,69,94,12.71
96,Bambous Virieux,MU,2021-05-27 02:28:38,-20.3428,57.7575,71.85,94,75,4.59
97,Kavaratti,IN,2021-05-27 02:28:39,10.5669,72.642,83.21,75,100,14.97
98,Zeya,RU,2021-05-27 02:28:39,53.75,127.2667,53.74,53,100,1.92
99,Aklavik,CA,2021-05-27 02:28:40,68.2191,-135.0107,34.52,56,100,10.11
100,Hofn,IS,2021-05-27 02:28:40,64.2539,-15.2082,42.58,80,77,3.42
101,Saint-Philippe,RE,2021-05-27 02:24:07,-21.3585,55.7679,69.39,83,19,2.21
102,Busselton,AU,2021-05-27 02:28:40,-33.65,115.3333,61.05,63,100,17.05
103,Dogondoutchi,NE,2021-05-27 02:28:41,13.6393,4.0287,94.26,18,64,6.71
104,Fairbanks,US,2021-05-27 02:28:41,64.8378,-147.7164,66.6,32,90,8.05
105,Chkalovskoye,RU,2021-05-27 02:28:42,44.8392,133.0436,63.55,52,100,2.62
106,Tagusao,PH,2021-05-27 02:28:42,9.1924,117.8141,82.4,76,100,3.56
107,Mackay,AU,2021-05-27 02:28:42,-21.15,149.2,83.68,60,4,10.36
108,Tchibanga,GA,2021-05-27 02:28:43,-2.85,11.0333,72.16,99,99,1.32
109,Kawalu,ID,2021-05-27 02:28:43,-7.3817,108.2082,83.75,62,75,4.16
110,Mega,ET,2021-05-27 02:28:43,4.05,38.3,57.33,85,100,15.66
111,Weslaco,US,2021-05-27 02:26:06,26.1595,-97.9908,83.21,72,75,8.05
112,Farafangana,MG,2021-05-27 02:28:44,-22.8167,47.8333,65.01,91,6,6.04
113,Talnakh,RU,2021-05-27 02:28:44,69.4865,88.3972,24.3,88,54,3.18
114,Meulaboh,ID,2021-05-27 02:28:45,4.1363,96.1285,78.06,85,100,9.26
115,Udachnyy,RU,2021-05-27 02:24:13,66.4167,112.4,56.59,41,100,8.93
116,Kaitangata,NZ,2021-05-27 02:27:58,-46.2817,169.8464,49.24,49,100,3.04
117,Bengkulu,ID,2021-05-27 02:28:45,-3.8004,102.2655,85.06,65,45,2.95
118,Chino Valley,US,2021-05-27 02:28:45,34.7575,-112.4538,77.16,13,1,1.99
119,Hermanus,ZA,2021-05-27 02:24:07,-34.4187,19.2345,55.9,73,100,5.06
120,Yellowknife,CA,2021-05-27 02:26:55,62.456,-114.3525,50.56,32,90,4.0
121,Geraldton,AU,2021-05-27 02:28:46,-28.7667,114.6,70.12,32,97,12.73
122,Torbay,CA,2021-05-27 02:26:11,47.6666,-52.7314,50.77,93,90,16.11
123,Puerto Escondido,MX,2021-05-27 02:28:47,15.85,-97.0667,85.03,70,90,0.0
124,Sayyan,YE,2021-05-27 02:28:47,15.1718,44.3244,61.77,21,18,5.97
125,Ambon,ID,2021-05-27 02:28:47,-3.6954,128.1814,86.14,74,40,15.88
126,Soyo,AO,2021-05-27 02:28:10,-6.1349,12.3689,76.05,91,33,5.44
127,Longyearbyen,SJ,2021-05-27 02:28:48,78.2186,15.6401,33.64,80,75,14.97
128,Port-Gentil,GA,2021-05-27 02:28:48,-0.7193,8.7815,79.11,85,100,12.35
129,Provideniya,RU,2021-05-27 02:24:08,64.3833,-173.3,46.51,49,0,20.13
130,Muret,FR,2021-05-27 02:28:49,43.3333,1.25,54.41,93,67,1.01
131,Lata,PT,2021-05-27 02:28:49,40.1629,-8.3327,59.72,88,75,1.43
132,Atar,MR,2021-05-27 02:28:49,20.5169,-13.0499,83.03,20,0,8.28
133,East London,ZA,2021-05-27 02:28:50,-33.0153,27.9116,63.9,89,68,8.55
134,Vila Velha,BR,2021-05-27 02:26:28,-20.3297,-40.2925,73.35,92,40,4.0
135,Ahuimanu,US,2021-05-27 02:28:50,21.4447,-157.8378,83.34,67,1,6.91
136,Hervey Bay,AU,2021-05-27 02:24:14,-25.2986,152.8535,77.11,55,3,4.0
137,Carnarvon,AU,2021-05-27 02:27:24,-24.8667,113.6333,75.27,38,0,12.66
138,Maceio,BR,2021-05-27 02:28:51,-9.6658,-35.7353,74.64,94,40,9.48
139,Tezu,IN,2021-05-27 02:28:51,27.9167,96.1667,75.9,99,100,0.89
140,Saldanha,ZA,2021-05-27 02:28:52,-33.0117,17.9442,53.65,85,100,1.48
141,Wageningen,NL,2021-05-27 02:28:52,51.9667,5.6667,51.26,93,75,3.0
142,Redmond,US,2021-05-27 02:26:07,47.674,-122.1215,67.05,59,100,1.01
143,Saskylakh,RU,2021-05-27 02:28:53,71.9167,114.0833,37.63,78,100,12.46
144,Vasterhaninge,SE,2021-05-27 02:28:53,59.1167,18.1,44.44,94,100,10.42
145,Fayaoue,NC,2021-05-27 02:28:53,-20.65,166.5333,73.58,52,1,3.91
146,Clyde River,CA,2021-05-27 02:28:54,70.4692,-68.5914,21.16,87,13,8.25
147,Jishou,CN,2021-05-27 02:28:54,28.3167,109.7167,72.43,84,100,1.39
148,Vilyuysk,RU,2021-05-27 02:28:54,63.7553,121.6247,57.06,64,100,7.72
149,Rawson,AR,2021-05-27 02:28:54,-43.3002,-65.1023,51.35,62,100,10.89
150,Hartselle,US,2021-05-27 02:28:55,34.4434,-86.9353,72.93,100,100,5.28
151,San Andres,CO,2021-05-27 02:25:02,12.5847,-81.7006,82.42,83,40,11.5
152,Oussouye,SN,2021-05-27 02:28:55,12.485,-16.5469,74.46,75,20,6.96
153,Ramhormoz,IR,2021-05-27 02:28:56,31.28,49.6035,71.67,19,0,4.18
154,Narsaq,GL,2021-05-27 02:28:56,60.9167,-46.05,34.02,96,100,3.2
155,Mestia,GE,2021-05-27 02:28:56,43.0458,42.7278,43.14,82,40,3.76
156,Ocho Rios,JM,2021-05-27 02:28:57,18.4025,-77.1048,82.15,88,70,8.72
157,Vernon,CA,2021-05-27 02:28:19,50.2581,-119.2691,73.29,38,100,1.14
158,Nishihara,JP,2021-05-27 02:28:57,26.1842,127.7558,87.85,79,75,18.81
159,Vodnyy,RU,2021-05-27 02:28:58,63.5046,53.4095,36.79,53,16,4.41
160,Krasnoborsk,RU,2021-05-27 02:28:58,61.5598,45.934,41.95,65,100,5.3
161,Half Moon Bay,US,2021-05-27 02:28:58,37.4636,-122.4286,71.73,75,90,1.01
162,Beringovskiy,RU,2021-05-27 02:28:59,63.05,179.3167,32.58,98,100,16.37
163,Beloha,MG,2021-05-27 02:28:59,-25.1667,45.05,62.17,96,2,5.19
164,Tessalit,ML,2021-05-27 02:28:59,20.1986,1.0114,89.58,7,68,5.5
165,Kahului,US,2021-05-27 02:28:26,20.8947,-156.47,84.22,72,20,21.85
166,Chapais,CA,2021-05-27 02:29:00,49.7834,-74.8492,35.38,65,91,16.51
167,Arman,RU,2021-05-27 02:29:00,59.7,150.1667,43.36,81,100,3.6
168,Tasiilaq,GL,2021-05-27 02:27:43,65.6145,-37.6368,41.16,93,100,27.09
169,Vanderhoof,CA,2021-05-27 02:29:01,54.0166,-124.0198,50.92,90,100,5.84
170,Shenjiamen,CN,2021-05-27 02:29:01,29.9576,122.298,69.6,89,95,10.02
171,Upernavik,GL,2021-05-27 02:29:01,72.7868,-56.1549,31.3,93,100,10.0
172,Casas Adobes,US,2021-05-27 02:29:02,32.3234,-110.9951,90.25,10,100,5.01
173,Marsa Matruh,EG,2021-05-27 02:29:02,31.3525,27.2453,68.2,94,0,6.91
174,Prainha,BR,2021-05-27 02:29:02,-1.8,-53.48,77.14,83,73,2.89
175,Mahebourg,MU,2021-05-27 02:29:03,-20.4081,57.7,71.89,94,75,2.3
176,Alibag,IN,2021-05-27 02:29:03,18.6411,72.8792,86.07,70,100,9.69
177,Khatanga,RU,2021-05-27 02:29:04,71.9667,102.5,27.1,87,64,10.58
178,Ha Tinh,VN,2021-05-27 02:29:04,18.3333,105.9,85.87,71,98,3.06
179,Ponta Do Sol,PT,2021-05-27 02:29:04,32.6667,-17.1,65.71,75,100,4.59
180,Asau,RO,2021-05-27 02:29:05,46.4333,26.4,55.76,100,90,2.62
181,Preeceville,CA,2021-05-27 02:29:05,51.95,-102.6677,44.71,53,42,2.15
182,Starokozache,UA,2021-05-27 02:29:05,46.3372,29.9853,55.08,83,5,2.26
183,Olafsvik,IS,2021-05-27 02:29:06,64.8945,-23.7142,45.84,86,66,5.7
184,Micheweni,TZ,2021-05-27 02:29:06,-4.9667,39.8333,76.5,83,48,12.41
185,Gemena,CD,2021-05-27 02:29:06,3.25,19.7667,70.36,99,94,2.04
186,Tiksi,RU,2021-05-27 02:29:07,71.6872,128.8694,37.65,88,16,3.69
187,Sisimiut,GL,2021-05-27 02:29:07,66.9395,-53.6735,47.21,50,0,7.54
188,Grindavik,IS,2021-05-27 02:29:07,63.8424,-22.4338,45.07,76,75,28.3
189,Matongo,TZ,2021-05-27 02:29:08,-2.3833,34.0833,62.26,76,61,5.08
190,Bathsheba,BB,2021-05-27 02:29:08,13.2167,-59.5167,81.21,69,20,16.4
191,Lompoc,US,2021-05-27 02:29:08,34.6391,-120.4579,67.37,81,75,10.36
192,Sorland,NO,2021-05-27 02:29:09,67.667,12.6934,43.21,83,83,21.94
193,Asamankese,GH,2021-05-27 02:29:09,5.8601,-0.6635,81.5,98,93,3.13
194,Uray,RU,2021-05-27 02:29:10,60.1247,64.7758,42.17,74,100,12.93
195,Shizunai,JP,2021-05-27 02:29:10,42.3339,142.3669,55.76,78,98,7.0
196,Dakar,SN,2021-05-27 02:25:53,14.6937,-17.4441,70.68,83,8,13.69
197,Kushiro,JP,2021-05-27 02:29:10,42.975,144.3747,59.95,51,0,8.84
198,Baracoa,CU,2021-05-27 02:29:11,20.3467,-74.4958,78.19,84,75,10.25
199,Iqaluit,CA,2021-05-27 02:29:11,63.7506,-68.5145,31.73,80,75,6.91
200,Calamar,CO,2021-05-27 02:29:12,10.2511,-74.9146,82.35,84,87,6.46
201,Honolulu,US,2021-05-27 02:25:16,21.3069,-157.8583,83.44,66,1,4.0
202,Karratha,AU,2021-05-27 02:29:12,-20.7377,116.8463,77.49,50,99,21.97
203,Dodge City,US,2021-05-27 02:29:12,37.7528,-100.0171,79.05,65,1,26.46
204,Anloga,GH,2021-05-27 02:29:13,5.7947,0.8973,82.62,82,87,14.0
205,Hami,CN,2021-05-27 02:29:13,42.8,93.45,85.3,9,0,13.06
206,Praia Da Vitoria,PT,2021-05-27 02:29:13,38.7333,-27.0667,61.05,72,75,12.17
207,Bandarbeyla,SO,2021-05-27 02:29:14,9.4942,50.8122,79.11,72,76,17.16
208,Ilulissat,GL,2021-05-27 02:29:14,69.2167,-51.1,53.62,35,100,26.46
209,Bethel,US,2021-05-27 02:29:15,41.3712,-73.414,71.92,82,100,1.01
210,Khash,IR,2021-05-27 02:29:15,28.2211,61.2158,76.35,20,0,4.03
211,Podosinovets,RU,2021-05-27 02:29:15,60.2776,47.0659,42.85,68,99,4.32
212,Ventspils,LV,2021-05-27 02:25:04,57.3894,21.5606,44.53,100,0,8.05
213,Kodiak,US,2021-05-27 02:29:16,57.79,-152.4072,54.91,62,1,6.91
214,Miranda De Ebro,ES,2021-05-27 02:29:16,42.6865,-2.947,47.79,88,68,2.01
215,Beipiao,CN,2021-05-27 02:29:16,41.7919,120.7792,71.08,24,31,3.47
216,Huaraz,PE,2021-05-27 02:26:38,-9.5333,-77.5333,50.61,86,33,2.86
217,Mananara,MG,2021-05-27 02:29:17,-16.1667,49.7667,68.11,85,3,4.81
218,Te Anau,NZ,2021-05-27 02:29:17,-45.4167,167.7167,49.73,77,100,5.88
219,Carutapera,BR,2021-05-27 02:29:18,-1.195,-46.02,76.24,93,97,4.52
220,San Rafael,AR,2021-05-27 02:27:48,-34.6177,-68.3301,57.22,35,25,0.54
221,Cavalcante,BR,2021-05-27 02:29:18,-13.7975,-47.4583,70.61,46,100,3.11
222,Naze,JP,2021-05-27 02:28:37,28.3667,129.4833,79.72,82,99,25.3
223,Qaanaaq,GL,2021-05-27 02:29:19,77.484,-69.3632,30.06,77,0,4.47
224,Matara,LK,2021-05-27 02:29:19,5.9485,80.5353,79.83,84,100,19.95
225,Omboue,GA,2021-05-27 02:29:19,-1.5746,9.2618,76.68,91,100,5.86
226,Varhaug,NO,2021-05-27 02:29:20,58.6147,5.6457,52.9,78,98,7.49
227,Novyy Urengoy,RU,2021-05-27 02:27:04,66.0833,76.6333,35.78,55,17,12.26
228,Sur,OM,2021-05-27 02:29:20,22.5667,59.5289,93.11,33,0,9.35
229,Kaniama,CD,2021-05-27 02:29:20,-7.5667,24.1833,60.57,52,5,4.97
230,Souillac,MU,2021-05-27 02:29:21,-20.5167,57.5167,71.98,94,75,3.65
231,Victoria,HK,2021-05-27 02:29:21,22.2855,114.1577,89.58,72,47,8.99
232,Puerto Ayora,EC,2021-05-27 02:29:21,-0.7393,-90.3518,74.55,92,58,3.0
233,Tsabong,BW,2021-05-27 02:29:22,-26.0217,22.401,57.83,37,0,7.81
234,Alta Floresta,BR,2021-05-27 02:29:22,-9.8756,-56.0861,72.48,68,8,2.91
235,Qasigiannguit,GL,2021-05-27 02:29:22,68.8193,-51.1922,53.85,41,100,23.67
236,Salalah,OM,2021-05-27 02:29:23,17.0151,54.0924,80.69,83,20,0.0
237,Rio Grande,BR,2021-05-27 02:29:23,-32.035,-52.0986,56.12,75,100,9.64
238,Punta De Bombon,PE,2021-05-27 02:29:23,-17.1717,-71.7931,68.05,80,100,4.38
239,Berlevag,NO,2021-05-27 02:29:24,70.8578,29.0864,39.61,71,99,14.99
240,Bognor Regis,GB,2021-05-27 02:29:24,50.7821,-0.6798,50.99,93,5,3.69
241,Boa Vista,BR,2021-05-27 02:25:09,2.8197,-60.6733,76.98,88,75,2.3
242,Sao Joao Da Barra,BR,2021-05-27 02:24:56,-21.6403,-41.0511,72.91,86,82,9.46
243,College,US,2021-05-27 02:29:25,64.8569,-147.8028,67.66,33,90,4.61
244,Burnie,AU,2021-05-27 02:29:25,-41.0667,145.9167,56.91,62,6,18.5
245,Comodoro Rivadavia,AR,2021-05-27 02:29:26,-45.8667,-67.5,49.86,71,0,3.44
246,Poum,NC,2021-05-27 02:29:26,-20.2333,164.0167,72.86,56,0,11.65
247,Kailua,US,2021-05-27 02:25:39,21.4022,-157.7394,83.61,68,1,6.91
248,Road Town,VG,2021-05-27 02:28:12,18.4167,-64.6167,80.69,77,100,17.45
249,Macaubas,BR,2021-05-27 02:29:27,-13.0194,-42.6986,65.86,69,90,2.33
250,Obidos,BR,2021-05-27 02:29:27,-1.9175,-55.5181,79.14,78,87,1.77
251,Owase,JP,2021-05-27 02:29:27,34.0667,136.2,60.46,98,100,6.06
252,Medak,IN,2021-05-27 02:29:28,18.0333,78.2667,79.66,42,100,17.27
253,Kuytun,RU,2021-05-27 02:29:28,54.3419,101.5036,48.94,46,3,6.6
254,Sitka,US,2021-05-27 02:29:28,57.0531,-135.33,49.89,76,75,11.5
255,Skjervoy,NO,2021-05-27 02:29:29,70.0311,20.9714,42.31,75,84,5.73
256,Riyadh,SA,2021-05-27 02:29:29,24.6877,46.7219,82.45,20,0,0.0
257,Airai,TL,2021-05-27 02:27:53,-8.9266,125.4092,71.55,55,8,5.88
258,Hobyo,SO,2021-05-27 02:29:30,5.3505,48.5268,78.13,79,49,15.23
259,Mansehra,PK,2021-05-27 02:29:30,34.3333,73.2,74.12,36,0,5.59
260,Portland,US,2021-05-27 02:29:31,45.5234,-122.6762,72.18,44,75,1.99
261,Taoudenni,ML,2021-05-27 02:29:31,22.6783,-3.9836,92.75,21,100,2.26
262,Ostrovnoy,RU,2021-05-27 02:29:31,68.0531,39.5131,37.24,68,27,7.87
263,Fairview,US,2021-05-27 02:29:32,40.8126,-73.999,72.64,80,75,4.61
264,Santa Cruz,BO,2021-05-27 02:27:07,-17.8,-63.1667,71.06,88,75,7.43
265,Kenora,CA,2021-05-27 02:29:32,49.8167,-94.4337,44.58,47,20,3.44
266,Camopi,GF,2021-05-27 02:29:32,3.1655,-52.3158,73.42,99,98,1.74
267,Gunnedah,AU,2021-05-27 02:29:33,-30.9833,150.25,60.42,49,0,3.0
268,Cap Malheureux,MU,2021-05-27 02:29:33,-19.9842,57.6142,72.09,84,6,1.99
269,Whitecourt,CA,2021-05-27 02:29:33,54.1502,-115.6855,63.64,45,75,14.97
270,Bayanday,RU,2021-05-27 02:29:34,53.0661,105.5139,50.79,46,18,7.94
271,Caconda,AO,2021-05-27 02:29:34,-13.7333,15.0667,51.08,58,0,3.62
272,Maarianhamina,AX,2021-05-27 02:29:35,60.0973,19.9348,44.46,100,90,4.61
273,Mount Gambier,AU,2021-05-27 02:29:35,-37.8333,140.7667,58.91,77,75,16.11
274,Esperance,AU,2021-05-27 02:29:35,-33.8667,121.9,60.64,54,100,18.43
275,Hithadhoo,MV,2021-05-27 02:29:36,-0.6,73.0833,84.09,68,76,19.62
276,Lunglei,IN,2021-05-27 02:29:36,22.8833,92.7333,74.79,65,98,1.5
277,Southbridge,US,2021-05-27 02:29:36,42.0751,-72.0334,68.63,96,100,7.29
278,Ashqelon,IL,2021-05-27 02:29:37,31.6693,34.5715,72.41,68,0,1.57
279,Murud,IN,2021-05-27 02:29:37,18.3258,72.965,83.66,69,100,8.03
280,Victor Harbor,AU,2021-05-27 02:29:37,-35.5667,138.6167,63.46,68,89,1.01
281,Pevek,RU,2021-05-27 02:29:38,69.7008,170.3133,33.13,90,9,2.66
282,Itarema,BR,2021-05-27 02:29:38,-2.9248,-39.9167,79.12,82,43,13.11
283,Andenes,NO,2021-05-27 02:29:38,69.3143,16.1194,39.18,81,61,9.22
284,Mishan,CN,2021-05-27 02:29:39,45.55,131.8833,63.63,52,48,5.88
285,Bismarck,US,2021-05-27 02:29:39,46.8083,-100.7837,47.82,80,90,0.0
286,Ukiah,US,2021-05-27 02:29:39,39.1502,-123.2078,82.13,52,1,10.36
287,Sao Filipe,CV,2021-05-27 02:29:40,14.8961,-24.4956,73.89,75,0,9.75
288,Srandakan,ID,2021-05-27 02:29:40,-7.9386,110.2506,85.1,64,33,6.46
289,Borogontsy,RU,2021-05-27 02:29:40,62.6683,131.1683,59.92,49,100,8.14
290,Quang Ngai,VN,2021-05-27 02:29:41,15.1167,108.8,90.16,57,62,4.92
291,Praia,CV,2021-05-27 02:29:41,14.9215,-23.5087,70.34,83,20,17.27
292,Gogrial,SS,2021-05-27 02:29:41,8.5332,28.1004,78.75,69,100,8.97
293,Mar Del Plata,AR,2021-05-27 02:29:10,-38.0023,-57.5575,55.13,50,0,5.01
294,Iracoubo,GF,2021-05-27 02:29:42,5.4802,-53.2011,77.25,92,100,10.22
295,Zhigansk,RU,2021-05-27 02:29:42,66.7697,123.3711,58.66,45,10,14.88
296,Huntingdon,GB,2021-05-27 02:29:43,52.3305,-0.1865,49.26,93,10,1.01
297,Ola,RU,2021-05-27 02:29:43,59.5833,151.2833,42.73,74,100,3.53
298,Kimbe,PG,2021-05-27 02:29:43,-5.5502,150.1429,76.77,93,100,4.14
299,Fukue,JP,2021-05-27 02:29:44,32.6881,128.8419,70.16,78,75,11.5
300,Attur,IN,2021-05-27 02:29:44,11.6,78.6167,78.08,75,84,9.19
301,Kavieng,PG,2021-05-27 02:29:44,-2.5744,150.7967,81.09,83,100,10.65
302,Smolyaninovo,RU,2021-05-27 02:29:45,43.2956,132.4675,65.57,57,100,3.69
303,Kenai,US,2021-05-27 02:29:45,60.5544,-151.2583,65.03,53,1,20.71
304,Tokur,RU,2021-05-27 02:29:45,53.1333,132.9,51.21,50,100,1.32
305,Banda Aceh,ID,2021-05-27 02:29:46,5.5577,95.3222,80.17,79,100,11.95
306,Coahuayana,MX,2021-05-27 02:29:46,18.7333,-103.6833,78.37,75,100,2.21
307,Volot,RU,2021-05-27 02:29:46,57.9278,30.7025,43.74,96,6,4.97
308,Turayf,SA,2021-05-27 02:29:47,31.6725,38.6637,68.25,37,0,9.22
309,Asfi,MA,2021-05-27 02:29:47,32.2994,-9.2372,63.93,91,36,3.27
310,Casper,US,2021-05-27 02:29:48,42.8666,-106.3131,63.19,38,1,7.0
311,Thompson,CA,2021-05-27 02:29:48,55.7435,-97.8558,41.16,38,20,5.75
312,Iberia,US,2021-05-27 02:29:48,29.9502,-91.7507,79.02,88,1,5.44
313,Rincon,US,2021-05-27 02:29:36,32.296,-81.2354,80.56,65,75,5.57
314,Bongandanga,CD,2021-05-27 02:29:49,1.5,21.05,71.29,88,90,1.34
315,Russell,US,2021-05-27 02:29:49,32.3502,-85.1999,76.23,84,1,3.24
316,Eyl,SO,2021-05-27 02:29:01,7.9803,49.8164,78.21,69,37,16.91
317,Muravlenko,RU,2021-05-27 02:29:50,63.7898,74.523,39.6,47,100,23.55
318,Calama,CL,2021-05-27 02:29:50,-22.4667,-68.9333,54.09,16,75,11.5
319,Beboto,TD,2021-05-27 02:29:50,8.2668,16.939,76.96,71,85,4.16
320,Takoradi,GH,2021-05-27 02:29:51,4.8845,-1.7554,79.27,88,95,7.63
321,Lopatino,RU,2021-05-27 02:29:51,52.6195,45.8118,53.67,76,0,5.37
322,Padang,ID,2021-05-27 02:29:51,-0.9492,100.3543,84.25,69,100,1.21
323,Zelenoborsk,RU,2021-05-27 02:29:52,61.4669,64.0333,40.15,67,94,11.86
324,Varzea Da Palma,BR,2021-05-27 02:29:52,-17.5981,-44.7308,72.63,74,90,2.95
325,Melville,US,2021-05-27 02:29:52,40.7934,-73.4151,72.99,83,75,1.01
326,Berani,PK,2021-05-27 02:29:53,25.785,68.8069,86.09,70,1,17.65
327,Malaryta,BY,2021-05-27 02:29:53,51.7905,24.074,48.92,81,42,8.41
328,Leland,US,2021-05-27 02:29:53,34.2563,-78.0447,76.19,85,1,9.1
329,Mingaora,PK,2021-05-27 02:28:39,34.7758,72.3625,75.7,38,0,6.08
330,Los Llanos De Aridane,ES,2021-05-27 02:29:54,28.6585,-17.9182,64.15,87,90,13.56
331,Lanxi,CN,2021-05-27 02:29:54,29.2195,119.477,78.94,78,97,7.05
332,Teodoro Sampaio,BR,2021-05-27 02:27:56,-22.5325,-52.1675,65.53,61,23,3.47
333,Grand-Santi,GF,2021-05-27 02:29:55,4.25,-54.3833,73.8,99,100,1.61
334,Ler,SS,2021-05-27 02:29:55,8.3018,30.1418,76.24,79,63,4.41
335,Mezhova,UA,2021-05-27 02:29:56,48.2532,36.7347,61.43,68,74,6.02
336,Ejea De Los Caballeros,ES,2021-05-27 02:29:56,42.1263,-1.1372,58.75,75,7,3.31
337,Waingapu,ID,2021-05-27 02:29:56,-9.6567,120.2641,84.4,67,73,18.45
338,Suez,EG,2021-05-27 02:26:09,29.9737,32.5263,71.55,51,0,10.83
339,Avarua,CK,2021-05-27 02:27:40,-21.2078,-159.775,80.65,89,20,9.22
340,Kijang,KR,2021-05-27 02:29:57,35.2442,129.2139,67.73,73,99,9.95
341,Woodway,US,2021-05-27 02:29:58,31.506,-97.205,81.99,78,1,1.01
342,Port Moresby,PG,2021-05-27 02:25:17,-9.4431,147.1797,85.42,54,40,11.5
343,Hasaki,JP,2021-05-27 02:29:58,35.7333,140.8333,64.29,89,100,16.53
344,Lagoa,PT,2021-05-27 02:29:05,39.05,-27.9833,58.93,66,100,13.69
345,Zhanaozen,KZ,2021-05-27 02:29:58,43.3,52.8,69.98,59,97,11.7
346,Grand Gaube,MU,2021-05-27 02:28:43,-20.0064,57.6608,72.0,84,8,8.23
347,Mahon,ES,2021-05-27 02:29:40,39.8885,4.2658,55.96,88,0,3.44
348,Bubaque,GW,2021-05-27 02:29:59,11.2833,-15.8333,77.79,76,88,12.66
349,Linhares,BR,2021-05-27 02:29:59,-19.3911,-40.0722,71.28,88,89,2.98
350,Cabo San Lucas,MX,2021-05-27 02:29:03,22.8909,-109.9124,88.81,20,40,11.5
351,Zheleznodorozhnyy,RU,2021-05-27 02:29:48,55.7503,38.0042,59.41,98,100,2.33
352,Eureka,US,2021-05-27 02:30:00,40.8021,-124.1637,64.67,80,99,3.0
353,Maraba,BR,2021-05-27 02:30:00,-5.3686,-49.1178,72.63,93,2,2.71
354,Vostok,RU,2021-05-27 02:30:01,46.4856,135.8833,58.64,42,88,4.34
355,Santa Ines,BR,2021-05-27 02:30:01,-3.6667,-45.38,74.34,86,11,1.59
356,Ichalkaranji,IN,2021-05-27 02:30:01,16.7,74.4667,77.99,63,94,16.8
357,Linxia,CN,2021-05-27 02:30:02,35.6003,103.2064,68.79,31,38,3.13
358,Baruun-Urt,MN,2021-05-27 02:30:02,46.6806,113.2792,54.81,42,100,16.84
359,Oyama,JP,2021-05-27 02:30:03,36.3,139.8,63.9,90,100,6.76
360,Simao,CN,2021-05-27 02:30:03,22.7886,100.9748,73.47,77,100,1.88
361,Itaobim,BR,2021-05-27 02:30:04,-16.5667,-41.8333,66.67,94,0,2.48
362,Sovetskiy,RU,2021-05-27 02:30:04,61.3614,63.5842,42.71,58,49,10.65
363,Klaksvik,FO,2021-05-27 02:30:04,62.2266,-6.589,36.52,77,96,14.63
364,Tabou,CI,2021-05-27 02:30:05,4.423,-7.3528,78.8,87,100,4.7
365,Yuzhno-Sukhokumsk,RU,2021-05-27 02:30:05,44.6581,45.6436,61.16,82,95,10.54
366,Huarmey,PE,2021-05-27 02:30:05,-10.0681,-78.1522,67.12,90,60,3.44
367,Maldonado,UY,2021-05-27 02:30:06,-34.6667,-54.9167,58.39,83,57,15.23
368,Hambantota,LK,2021-05-27 02:30:06,6.1241,81.1185,80.94,89,40,24.74
369,Belleville,CA,2021-05-27 02:30:06,44.1788,-77.3705,67.98,69,1,1.01
370,Honiara,SB,2021-05-27 02:25:18,-9.4333,159.95,85.44,65,67,3.24
371,Joshimath,IN,2021-05-27 02:30:07,30.5667,79.5667,72.68,25,0,0.13
372,Chifeng,CN,2021-05-27 02:30:07,42.2683,118.9636,68.13,24,96,10.22
373,Puerto Suarez,BO,2021-05-27 02:30:08,-18.95,-57.8,75.11,64,85,1.9
374,Juneau,US,2021-05-27 02:26:39,58.3019,-134.4197,51.8,77,75,1.83
375,Fare,PF,2021-05-27 02:30:08,-16.7,-151.0167,80.82,70,22,10.67
376,Cozumel,MX,2021-05-27 02:30:05,20.5083,-86.9458,82.38,83,20,4.61
377,Beisfjord,NO,2021-05-27 02:30:09,68.3751,17.5988,44.26,79,48,5.48
378,Dunedin,NZ,2021-05-27 02:30:09,-45.8742,170.5036,49.8,45,100,4.0
379,Adrar,MR,2021-05-27 02:29:58,20.5022,-10.0711,86.94,22,0,11.43
380,Pindiga,NG,2021-05-27 02:30:09,9.9833,10.9333,77.34,69,70,9.48
381,Dibombari,CM,2021-05-27 02:30:10,4.1787,9.6561,74.64,97,100,2.37
382,Panjab,AF,2021-05-27 02:30:10,34.388,67.0233,55.92,30,0,3.02
383,Pathanamthitta,IN,2021-05-27 02:30:10,9.2667,76.7833,73.71,97,100,2.19
384,Bodden Town,KY,2021-05-27 02:30:11,19.2833,-81.25,81.93,66,20,11.95
385,Evanston,US,2021-05-27 02:27:56,42.0411,-87.6901,72.21,69,40,1.01
386,Tourlaville,FR,2021-05-27 02:30:11,49.6383,-1.5664,50.76,69,0,3.44
387,Saint-Pierre,RE,2021-05-27 02:30:12,-21.3393,55.4781,69.48,80,1,8.05
388,Bo Rai,TH,2021-05-27 02:30:12,12.5728,102.5371,85.1,80,96,4.76
389,Mitsamiouli,KM,2021-05-27 02:30:12,-11.3847,43.2844,77.61,64,7,8.37
390,Turinsk,RU,2021-05-27 02:30:13,58.0458,63.696,48.99,61,48,12.62
391,Richards Bay,ZA,2021-05-27 02:30:13,-28.783,32.0377,62.74,92,30,4.79
392,Namibe,AO,2021-05-27 02:30:13,-15.1961,12.1522,72.86,61,0,3.56
393,Ambatondrazaka,MG,2021-05-27 02:30:14,-17.8333,48.4167,55.6,98,35,2.1
394,Ordynskoye,RU,2021-05-27 02:30:14,54.3656,81.8994,72.66,60,96,14.16
395,Dingle,PH,2021-05-27 02:30:14,10.9995,122.6711,89.92,58,56,5.55
396,Gornyye Klyuchi,RU,2021-05-27 02:30:15,45.25,133.5,66.76,45,100,1.9
397,Barra Patuca,HN,2021-05-27 02:30:15,15.8,-84.2833,80.08,83,85,10.11
398,Norman Wells,CA,2021-05-27 02:30:15,65.282,-126.8329,46.44,76,75,10.36
399,Laguna,US,2021-05-27 02:30:16,38.421,-121.4238,87.31,28,1,8.01
400,Jalalpur Pirwala,PK,2021-05-27 02:30:16,29.5069,71.2192,101.23,11,0,8.97
401,Saiha,IN,2021-05-27 02:30:09,22.4833,92.9667,86.34,41,79,4.41
402,Tazovskiy,RU,2021-05-27 02:30:17,67.4667,78.7,30.9,75,89,6.51
403,Yurimaguas,PE,2021-05-27 02:30:17,-5.9,-76.0833,77.0,80,95,0.72
404,Makhachkala,RU,2021-05-27 02:26:48,42.9764,47.5024,57.02,74,25,3.65
405,Mount Isa,AU,2021-05-27 02:29:21,-20.7333,139.5,71.37,21,2,13.8
406,Guerrero Negro,MX,2021-05-27 02:30:17,27.9769,-114.0611,61.88,86,47,13.96
407,Luanda,AO,2021-05-27 02:29:14,-8.8368,13.2343,71.98,86,3,8.57
408,Casteltermini,IT,2021-05-27 02:30:18,37.5405,13.6445,61.92,44,30,3.76
409,Sao Miguel Do Tapuio,BR,2021-05-27 02:30:18,-5.5036,-41.3233,70.93,61,11,4.38
410,Oksfjord,NO,2021-05-27 02:30:19,70.2396,22.3479,41.07,70,97,4.03
411,Vuktyl,RU,2021-05-27 02:30:19,63.8567,57.3094,39.61,45,30,11.23
412,Bilibino,RU,2021-05-27 02:30:19,68.0546,166.4372,53.04,46,18,8.88
413,Tongliao,CN,2021-05-27 02:30:20,43.6125,122.2653,71.01,22,4,7.45
414,Asyut,EG,2021-05-27 02:30:20,27.181,31.1837,77.18,29,0,7.99
415,Nemuro,JP,2021-05-27 02:28:54,43.3236,145.575,66.63,78,20,7.54
416,Atlantic City,US,2021-05-27 02:30:21,39.3643,-74.4229,73.49,86,20,15.39
417,Barbatesti,RO,2021-05-27 02:30:21,45.1833,24.1167,49.89,97,100,2.21
418,Seguin,US,2021-05-27 02:30:21,29.5688,-97.9647,83.32,83,40,5.99
419,Harnosand,SE,2021-05-27 02:28:13,62.6323,17.9379,48.2,81,100,23.91
420,Lasa,IT,2021-05-27 02:30:22,46.6166,10.7002,54.48,94,46,4.12
421,Pasighat,IN,2021-05-27 02:30:22,28.0667,95.3333,75.51,99,100,1.14
422,Cidreira,BR,2021-05-27 02:27:45,-30.1811,-50.2056,57.07,74,100,6.87
423,Flin Flon,CA,2021-05-27 02:30:06,54.7682,-101.865,37.36,49,4,4.45
424,Buckeye,US,2021-05-27 02:29:06,33.3703,-112.5838,95.11,10,74,15.5
425,Gorontalo,ID,2021-05-27 02:30:23,0.5412,123.0595,89.31,59,10,6.62
426,La Ronge,CA,2021-05-27 02:30:24,55.1001,-105.2842,46.65,42,1,6.91
427,Sarangani,PH,2021-05-27 02:30:24,5.4033,125.4636,84.36,72,98,11.3
428,Saint-Georges,GD,2021-05-27 02:30:24,12.0564,-61.7485,79.56,82,84,12.59
429,Mayo,US,2021-05-27 02:30:25,38.8876,-76.5119,72.23,92,90,1.01
430,Neiafu,TO,2021-05-27 02:30:25,-18.65,-173.9833,75.88,88,75,2.3
431,Matiri,TZ,2021-05-27 02:30:25,-10.75,34.9,50.58,78,0,2.57
432,Petropavlovsk-Kamchatskiy,RU,2021-05-27 02:27:50,53.0452,158.6483,43.39,81,75,3.83
433,Wamba,NG,2021-05-27 02:30:26,8.9333,8.6,73.99,85,100,0.87
434,Ust-Nera,RU,2021-05-27 02:29:37,64.5667,143.2,50.9,51,100,6.55
435,Urucui,BR,2021-05-27 02:30:26,-7.2294,-44.5561,73.99,51,0,2.98
436,Mumford,GH,2021-05-27 02:30:27,5.2618,-0.759,79.25,87,98,9.89
437,Hegang,CN,2021-05-27 02:30:27,47.4,130.3667,62.1,50,44,4.81
438,Perbaungan,ID,2021-05-27 02:30:27,3.5679,98.956,77.11,92,100,4.61
439,Nome,US,2021-05-27 02:30:28,64.5011,-165.4064,65.1,29,1,6.91
440,Lisala,CD,2021-05-27 02:30:28,2.15,21.5167,70.57,91,98,0.51
441,Bocaiuva,BR,2021-05-27 02:30:28,-17.1078,-43.815,67.14,81,34,3.06
442,Abu Samrah,SY,2021-05-27 02:29:53,35.3029,37.1841,69.55,39,0,5.3
443,Las Vegas,US,2021-05-27 02:26:24,36.175,-115.1372,92.08,9,1,13.8
444,Walvis Bay,NA,2021-05-27 02:30:29,-22.9575,14.5053,67.15,39,1,5.73
445,Yinchuan,CN,2021-05-27 02:30:29,38.4681,106.2731,82.74,9,0,12.44
446,Christchurch,NZ,2021-05-27 02:26:39,-43.5333,172.6333,58.03,72,1,7.0
447,Kimry,RU,2021-05-27 02:30:30,56.8667,37.35,50.22,92,71,4.79
448,Husavik,IS,2021-05-27 02:30:31,66.0449,-17.3389,39.11,78,32,10.74
449,Dubti,ET,2021-05-27 02:30:31,11.7361,41.0853,84.15,51,84,7.87
450,Dwarka,IN,2021-05-27 02:30:31,22.2394,68.9678,84.9,76,92,17.11
451,Peniche,PT,2021-05-27 02:30:32,39.3558,-9.3811,63.73,88,100,13.82
452,Weligama,LK,2021-05-27 02:27:13,5.9667,80.4167,79.93,83,100,20.54
453,Bonthe,SL,2021-05-27 02:30:32,7.5264,-12.505,79.95,83,100,4.5
454,Shelburne,CA,2021-05-27 02:29:43,44.0787,-80.2041,57.27,75,96,15.88
455,Lerwick,GB,2021-05-27 02:30:33,60.1545,-1.1494,48.2,84,100,14.2
456,Guasdualito,VE,2021-05-27 02:30:33,7.2424,-70.7324,75.2,100,70,2.3
457,Havre-Saint-Pierre,CA,2021-05-27 02:30:33,50.2334,-63.5986,52.39,93,90,2.3
458,Upata,VE,2021-05-27 02:30:34,8.0086,-62.3989,73.18,90,100,4.79
459,Orotukan,RU,2021-05-27 02:30:34,62.2667,151.7,44.28,63,100,17.56
460,Urumqi,CN,2021-05-27 02:30:34,43.801,87.6005,83.35,16,0,1.7
461,Pangnirtung,CA,2021-05-27 02:30:35,66.1451,-65.7125,21.24,88,100,5.53
462,Gizo,SB,2021-05-27 02:30:35,-8.103,156.8419,80.82,84,98,21.97
463,Poli,TZ,2021-05-27 02:30:35,-3.3333,36.8,52.52,94,71,2.08
464,Caltzontzin,MX,2021-05-27 02:30:36,19.4285,-102.0051,74.84,34,100,3.6
465,Dyersburg,US,2021-05-27 02:30:36,36.0345,-89.3856,76.89,88,0,0.0
466,Winnemucca,US,2021-05-27 02:30:36,40.973,-117.7357,71.65,14,1,3.69
467,Pangai,TO,2021-05-27 02:30:37,-19.8,-174.35,78.91,73,75,8.05
468,Svetlyy,RU,2021-05-27 02:30:37,54.675,20.1347,50.05,97,68,10.22
469,Touros,BR,2021-05-27 02:29:02,-5.1989,-35.4608,74.3,86,37,12.01
470,Minbu,MM,2021-05-27 02:30:38,20.1833,94.8833,88.23,57,51,12.66
471,San Eduardo,PH,2021-05-27 02:30:38,12.1679,125.4503,86.05,70,100,6.93
472,Gambela,ET,2021-05-27 02:30:38,8.25,34.5833,71.76,92,81,3.67
473,Acajutla,SV,2021-05-27 02:30:39,13.5928,-89.8275,82.22,76,100,1.92
474,Muros,ES,2021-05-27 02:28:17,42.7762,-9.0603,59.23,73,91,6.15
475,Taltal,CL,2021-05-27 02:30:39,-25.4,-70.4833,65.61,66,95,2.62
476,Vestmanna,FO,2021-05-27 02:30:40,62.1564,-7.1664,34.72,87,59,9.75
477,Aras,ES,2021-05-27 02:30:40,42.5617,-2.356,51.71,80,0,3.42
478,Westport,US,2021-05-27 02:28:55,41.1415,-73.3579,73.18,87,40,3.0
479,Wanxian,CN,2021-05-27 02:30:40,30.8039,108.3897,75.79,74,100,3.98
480,Port Blair,IN,2021-05-27 02:30:41,11.6667,92.75,84.72,78,83,15.75
481,Upington,ZA,2021-05-27 02:30:41,-28.4478,21.2561,61.18,36,0,8.05
482,Masakin,TN,2021-05-27 02:30:42,35.7292,10.5808,71.8,59,53,8.12
483,Ancud,CL,2021-05-27 02:30:27,-41.8697,-73.8203,57.42,95,100,23.13
484,Patacamaya,BO,2021-05-27 02:30:42,-17.2333,-67.9167,44.69,73,100,5.32
485,Oparino,RU,2021-05-27 02:30:42,59.8518,48.2783,45.0,64,98,4.63
486,Sijunjung,ID,2021-05-27 02:30:43,-0.6876,100.9537,80.56,86,97,1.92
487,Blieskastel,DE,2021-05-27 02:30:43,49.2372,7.2562,48.85,100,75,5.32
488,Mersing,MY,2021-05-27 02:30:43,2.4312,103.8405,85.91,84,40,0.0
489,North Bend,US,2021-05-27 02:30:44,43.4065,-124.2243,61.25,72,1,9.22
490,Yulara,AU,2021-05-27 02:30:27,-25.2406,130.9889,58.84,44,100,19.57
491,Hirara,JP,2021-05-27 02:30:44,24.8,125.2833,89.87,74,75,20.71
492,Irbeyskoye,RU,2021-05-27 02:30:44,55.6428,95.4522,56.86,44,69,6.26
493,Veshenskaya,RU,2021-05-27 02:30:45,49.6303,41.7334,59.76,77,80,6.62
494,Constantine,DZ,2021-05-27 02:28:04,36.365,6.6147,65.61,68,75,3.44
495,Canberra,AU,2021-05-27 02:30:03,-35.2835,149.1281,58.75,54,4,7.0
496,Nombre De Jesus,HN,2021-05-27 02:30:46,15.35,-86.6833,72.43,97,100,2.33
497,Impfondo,CG,2021-05-27 02:30:46,1.6381,18.0667,70.99,96,66,1.28
498,Leua,SK,2021-05-27 02:30:46,48.2156,18.6071,51.49,88,10,2.59
499,Palana,RU,2021-05-27 02:30:47,59.1167,159.9667,38.64,73,93,12.57
500,Chara,RU,2021-05-27 02:30:47,56.9064,118.2631,41.85,96,100,3.4
501,Tomatlan,MX,2021-05-27 02:30:47,19.9333,-105.25,75.27,78,5,1.36
502,Puerto Madero,MX,2021-05-27 02:30:48,14.7208,-92.4215,82.6,89,75,0.0
503,Migori,KE,2021-05-27 02:30:48,-1.0634,34.4731,60.42,85,76,6.58
504,Blagoyevo,RU,2021-05-27 02:30:48,63.3667,47.9167,39.22,51,91,4.05
505,Manubul,PH,2021-05-27 02:30:49,5.4732,120.7986,82.51,75,84,4.27
506,Kuandian,CN,2021-05-27 02:30:49,40.7286,124.7847,66.79,46,4,3.24
507,Lincoln,US,2021-05-27 02:29:39,40.8,-96.667,80.51,39,20,10.36
508,Janakpur,NP,2021-05-27 02:26:40,26.7183,85.9065,77.13,79,100,17.56
509,Yanam,IN,2021-05-27 02:29:34,16.7333,82.2167,90.0,44,82,10.07
510,Nakusp,CA,2021-05-27 02:30:50,50.2499,-117.8023,68.34,45,99,3.44
511,Olga,RU,2021-05-27 02:30:50,43.7444,135.2892,45.81,94,100,9.53
512,Sola,VU,2021-05-27 02:30:51,-13.8833,167.55,77.31,64,98,14.97
513,Coihaique,CL,2021-05-27 02:28:54,-45.5752,-72.0662,44.55,93,90,6.91
514,Boende,CD,2021-05-27 02:30:51,-0.2167,20.8667,71.83,79,69,2.04
515,Sabang,ID,2021-05-27 02:30:51,5.8933,95.3214,84.06,72,100,19.51
516,Maposeni,TZ,2021-05-27 02:30:52,-10.5833,35.4,52.16,90,2,1.01
517,Manavalakurichi,IN,2021-05-27 02:30:52,8.1333,77.3,77.09,88,100,15.95
518,Puebloviejo,CO,2021-05-27 02:30:53,10.9938,-74.2844,85.1,70,61,6.29
519,Bhowali,IN,2021-05-27 02:30:53,29.3833,79.5167,72.88,44,17,2.73
520,Samarai,PG,2021-05-27 02:27:35,-10.6167,150.6667,81.37,65,63,14.65
521,Leningradskiy,RU,2021-05-27 02:30:54,69.3833,178.4167,36.05,80,21,5.93
522,Tazmalt,DZ,2021-05-27 02:30:54,36.3868,4.3989,66.6,74,82,1.32
523,Los Andes,CL,2021-05-27 02:30:54,-32.8337,-70.5983,61.92,22,0,2.73
524,Rangoon,MM,2021-05-27 02:30:55,16.8053,96.1561,80.56,83,75,4.97
525,Port Hardy,CA,2021-05-27 02:30:55,50.6996,-127.4199,48.38,87,90,13.8
526,Brae,GB,2021-05-27 02:30:55,60.3964,-1.353,48.11,84,100,13.98
527,Roebourne,AU,2021-05-27 02:30:56,-20.7833,117.1333,79.72,44,98,20.29
528,Hokitika,NZ,2021-05-27 02:30:56,-42.7167,170.9667,50.27,77,100,5.14
529,Mokolo,CM,2021-05-27 02:30:56,10.7398,13.8019,78.03,49,5,2.1
530,Wum,CM,2021-05-27 02:30:57,6.3833,10.0667,64.83,91,100,4.59
531,Conceicao Da Barra,BR,2021-05-27 02:30:57,-18.5933,-39.7322,72.25,91,38,4.5
532,Chernyshevskiy,RU,2021-05-27 02:30:58,63.0128,112.4714,56.62,53,100,3.2
533,Tabas,IR,2021-05-27 02:30:58,33.5959,56.9244,77.32,39,0,5.32
534,Pontes E Lacerda,BR,2021-05-27 02:26:35,-15.2261,-59.3353,78.69,63,97,2.73
535,Okhotsk,RU,2021-05-27 02:30:59,59.3833,143.3,43.5,77,100,8.14
536,Mutoko,ZW,2021-05-27 02:30:59,-17.397,32.2268,45.21,62,0,3.0
537,Marzuq,YE,2021-05-27 02:30:59,14.4,46.4667,72.82,62,93,5.82
538,Belokurikha,RU,2021-05-27 02:31:00,51.9959,84.9896,84.6,38,50,8.55
539,Nenjiang,CN,2021-05-27 02:31:00,49.1833,125.2167,59.36,47,67,6.44
540,Tefe,BR,2021-05-27 02:30:06,-3.3542,-64.7114,73.63,97,44,2.3
541,Pacifica,US,2021-05-27 02:31:01,37.6138,-122.4869,70.56,81,20,3.0
542,Chatra,IN,2021-05-27 02:31:01,24.2167,84.8667,73.38,95,100,19.64
543,Manono,CD,2021-05-27 02:31:02,-7.3,27.4167,63.81,60,4,2.44
544,Yablonovo,RU,2021-05-27 02:31:02,50.8523,37.3574,62.46,73,95,4.88
545,Mackenzie,CA,2021-05-27 02:29:07,55.2999,-123.1698,46.62,87,90,2.3
546,Malindi,KE,2021-05-27 02:31:02,-3.2175,40.1191,75.2,85,9,13.35
547,Yar-Sale,RU,2021-05-27 02:31:03,66.8333,70.8333,36.41,52,14,8.25
548,Nizhnevartovsk,RU,2021-05-27 02:31:03,60.9344,76.5531,42.82,93,75,20.13
549,Orai,IN,2021-05-27 02:31:04,25.9833,79.4667,90.93,47,99,12.44
550,Laurel,US,2021-05-27 02:27:19,39.0993,-76.8483,71.53,94,40,5.01
551,Tynda,RU,2021-05-27 02:31:04,55.1667,124.7167,40.91,89,100,1.07
552,Storforshei,NO,2021-05-27 02:31:04,66.4043,14.5233,45.66,88,100,2.82
553,Abha,SA,2021-05-27 02:31:05,18.2164,42.5053,64.65,32,0,2.62
554,Kanker,IN,2021-05-27 02:31:05,20.2719,81.4931,92.41,26,100,10.4
555,Kortkeros,RU,2021-05-27 02:31:05,61.8106,51.5806,37.4,44,32,2.44
556,Labuan,MY,2021-05-27 02:31:06,5.2767,115.2417,89.76,70,20,3.0
557,Trinidad,BO,2021-05-27 02:31:06,-14.8333,-64.9,72.01,83,1,3.02
558,Mnogovershinnyy,RU,2021-05-27 02:31:07,53.9353,139.9242,49.06,58,72,1.48
559,Nzega,RW,2021-05-27 02:31:07,-2.479,29.5564,53.22,95,100,4.16
560,Altay,CN,2021-05-27 02:31:07,47.8667,88.1167,80.24,20,0,5.68
561,Morgan City,US,2021-05-27 02:31:08,29.6994,-91.2068,78.03,94,1,3.74
562,Owen Sound,CA,2021-05-27 02:31:08,44.5672,-80.9435,50.9,66,0,5.01
563,Kota Belud,MY,2021-05-27 02:31:08,6.351,116.4305,89.46,60,64,4.92
564,Izhma,RU,2021-05-27 02:31:09,65.0083,53.9113,40.37,45,8,4.14
565,Ixtapa,MX,2021-05-27 02:31:09,20.7,-105.2,80.22,78,1,9.22
566,Omsukchan,RU,2021-05-27 02:31:09,62.5333,155.8,42.21,70,100,10.51
567,Leh,IN,2021-05-27 02:31:10,34.1667,77.5833,46.2,33,0,1.12
568,Harper,LR,2021-05-27 02:31:10,4.375,-7.7169,78.94,87,100,4.65
569,Viru,PE,2021-05-27 02:31:10,-8.4167,-78.75,65.5,84,26,3.36
570,The Valley,AI,2021-05-27 02:31:11,18.217,-63.0578,80.46,76,88,16.33
571,Viedma,AR,2021-05-27 02:28:14,-40.8135,-62.9967,52.63,59,100,4.25
572,Verkhnyaya Maksakovka,RU,2021-05-27 02:31:11,61.635,50.9674,37.42,87,20,4.47
573,Harrison,US,2021-05-27 02:31:11,30.4091,-89.0436,78.87,84,1,0.0
574,Sinnamary,GF,2021-05-27 02:31:12,5.3833,-52.95,77.36,92,99,8.19
575,Vila Do Maio,CV,2021-05-27 02:31:12,15.1333,-23.2167,70.59,85,3,16.58
576,Ostersund,SE,2021-05-27 02:31:13,63.1792,14.6357,41.61,65,75,6.91
577,Tilichiki,RU,2021-05-27 02:31:13,60.4667,166.1,37.2,96,100,4.88
578,Opole Lubelskie,PL,2021-05-27 02:31:13,51.1478,21.969,54.16,81,59,6.78
579,Thiers,FR,2021-05-27 02:31:14,45.8333,3.5,54.77,97,94,1.79
580,Whitehorse,CA,2021-05-27 02:28:22,60.7161,-135.0538,50.77,62,75,5.99
581,Tevaitoa,PF,2021-05-27 02:31:14,-16.7833,-151.5,81.25,72,18,11.95
582,Antalaha,MG,2021-05-27 02:31:14,-14.9003,50.2788,68.79,86,7,5.64
